{
  "version": 1,
  "generated_at": "2026-04-19",
  "categories": {
    "code": {
      "count": 2,
      "ids": [
        "NousResearch-hermes-agent",
        "openai-openai-agents-python"
      ]
    },
    "framework": {
      "count": 21,
      "ids": [
        "2604.03143",
        "2604.15186",
        "2603.03251",
        "2603.16104",
        "2602.21548",
        "2602.13692",
        "2602.21477",
        "2601.06288",
        "2601.12967",
        "2601.22705",
        "moe-lb-interai25",
        "2511.01633",
        "2510.17015",
        "2509.02121",
        "2507.07400",
        "2505.05286",
        "2504.09285",
        "2504.20068",
        "2412.19437",
        "2409.19256",
        "2312.11819"
      ]
    },
    "agent": {
      "count": 1,
      "ids": [
        "2604.11378"
      ]
    },
    "llm": {
      "count": 12,
      "ids": [
        "2604.14148",
        "2603.15031",
        "2602.02276",
        "2601.15300",
        "2511.05850",
        "2510.22200",
        "2510.26692",
        "2509.17765",
        "2507.20534",
        "2503.20215",
        "2502.01563",
        "2502.05167"
      ]
    },
    "hardware": {
      "count": 10,
      "ids": [
        "2512.02189",
        "2510.27583",
        "gpu-arch-comparison-2025",
        "amd-cdna4-whitepaper",
        "nv-blackwell-whitepaper",
        "amd-cdna3-whitepaper",
        "nv-hopper-h100-whitepaper",
        "amd-cdna2-whitepaper",
        "amd-cdna1-whitepaper",
        "nv-ampere-a100-whitepaper"
      ]
    },
    "cluster": {
      "count": 2,
      "ids": [
        "2511.02168",
        "2510.27656"
      ]
    },
    "kernel": {
      "count": 8,
      "ids": [
        "2511.08083",
        "2511.02132",
        "2509.24006",
        "2505.21136",
        "2505.11594",
        "2412.14335",
        "2411.10958",
        "2410.02367"
      ]
    },
    "algorithm": {
      "count": 4,
      "ids": [
        "2510.08377",
        "2506.08371",
        "2412.10079",
        "2404.16811"
      ]
    }
  }
}